BoroName,Average Wait Time
Bronx,21.17926818575855
Brooklyn,23.532371586091767
Manhattan,18.769477557564326
Queens,21.148602303937185
Staten Island,39.469364508393284
